Land of Dreams Lv1|Land of Dreams Lv2|Land of Dreams Lv3|Land of Dreams Lv4|Land of Dreams Lv5|Land of Dreams Lv6|Land of Dreams Lv7|Land of Dreams Lv8|Land of Dreams Lv9|Land of Dreams Lv10|Land of Dreams Lv11|Land of Dreams Lv12|Land of Dreams Lv13|Land of Dreams Lv14|Land of Dreams Lv15|Land of Dreams Lv16|Land of Dreams Lv17|Land of Dreams Lv18|Land of Dreams Lv19|Land of Dreams Lv20|＠
||||||||||||||||||||＠
Nether Reaches Lv.1|Nether Reaches Lv.2|Nether Reaches Lv.3|Nether Reaches Lv.4|Nether Reaches Lv.5|Nether Reaches Lv.6|Nether Reaches Lv.7|Nether Reaches Lv.8|Nether Reaches Lv.9|Nether Reaches Lv.10|Nether Reaches Lv.11|Nether Reaches Lv.12|Nether Reaches Lv.13|Nether Reaches Lv.14|Nether Reaches Lv.15|Nether Reaches Lv.16|Nether Reaches Lv.17|Nether Reaches Lv.18|Nether Reaches Lv.19|Nether Reaches Lv.20|＠
Heaven's Gate Lv.1|Heaven's Gate Lv.2|Heaven's Gate Lv.3|Heaven's Gate Lv.4|Heaven's Gate Lv.5|Heaven's Gate Lv.6|Heaven's Gate Lv.7|Heaven's Gate Lv.8|Heaven's Gate Lv.9|Heaven's Gate Lv.10|Heaven's Gate Lv.11|Heaven's Gate Lv.12|Heaven's Gate Lv.13|Heaven's Gate Lv.14|Heaven's Gate Lv.15|Heaven's Gate Lv.16|Heaven's Gate Lv.17|Heaven's Gate Lv.18|Heaven's Gate Lv.19|Heaven's Gate Lv.20|＠
Healer & Co. Lv.1|Healer & Co. Lv.2|Healer & Co. Lv.3|Healer & Co. Lv.4|Healer & Co. Lv.5|Healer & Co. Lv.6|Healer & Co. Lv.7|Healer & Co. Lv.8|Healer & Co. Lv.9|Healer & Co. Lv.10|Healer & Co. Lv.11|Healer & Co. Lv.12|Healer & Co. Lv.13|Healer & Co. Lv.14|Healer & Co. Lv.15|Healer & Co. Lv.16|Healer & Co. Lv.17|Healer & Co. Lv.18|Healer & Co. Lv.19|Healer & Co. Lv.20|＠
1st Song|2nd Song|3rd Song|4th Song|5th Song|6th Song|7th Song|8th Song|9th Song|10th Song|11th Song|12th Song|13th Song|14th Song|15th Song|16th Song|17th Song|18th Song|19th Song|Last Song|＠
||||||||||||||||||||＠
WARNING Lv.1|WARNING Lv.2|WARNING Lv.3|WARNING Lv.4|WARNING Lv.5|WARNING Lv.6|WARNING Lv.7|WARNING Lv.8|WARNING Lv.9|WARNING Lv.10|WARNING Lv.11|WARNING Lv.12|WARNING Lv.13|WARNING Lv.14|WARNING Lv.15|WARNING Lv.16|WARNING Lv.17|WARNING Lv.18|WARNING Lv.19|WARNING Lv.20|＠
Showdown! : Part 1|Showdown! : Part 2|Showdown! : Part 3|Showdown! : Part 4|Showdown! : Part 5|Showdown! : Part 6|Showdown! : Part 7|Showdown! : Part 8|Showdown! : Part 9|Showdown! : Part 10|Showdown! : Part 11|Showdown! : Part 12|Showdown! : Part 13|Showdown! : Part 14|Showdown! : Part 15|Showdown! : Part 16|Showdown! : Part 17|Showdown! : Part 18|Showdown! : Part 19|Showdown! : Part 20|＠
Stagebuilding Witch: Cycle 1|Stagebuilding Witch: Cycle 2|Stagebuilding Witch: Cycle 3|Stagebuilding Witch: Cycle 4|Stagebuilding Witch: Cycle 5|Stagebuilding Witch: Cycle 6|Stagebuilding Witch: Cycle 7|Stagebuilding Witch: Cycle 8|Stagebuilding Witch: Cycle 9|Stagebuilding Witch: Cycle XX|＠
||||||||||||||||||||＠